MSFT,0.0
RCL,0.0
DIS,0.0
PG,0.29317
AAPL,0.70683
